NC_035077.1	35170990	T	A	0.994002999
NC_035077.1	51124036	C	T	0.996987952
NC_035077.1	62121447	A	T	0.999254844
NC_035077.1	77990918	G	T	1
NC_035078.1	559910	C	T	0.997771174
NC_035078.1	1997283	T	A	0.998493976
NC_035078.1	38060083	G	A	0.997716895
NC_035078.1	46389517	T	C	0.999265786
NC_035078.1	53237613	A	T	0.99847793
NC_035078.1	58452626	C	T	0.99695586
NC_035078.1	64843117	G	A	0.99847793
NC_035079.1	869704	T	C	0.997761194
NC_035079.1	2707643	A	G	0.998507463
NC_035079.1	4966432	T	A	0.999254844
NC_035079.1	6857942	A	C	0.993243243
NC_035079.1	9064141	G	A	0.999238965
NC_035079.1	10182071	A	G	1
NC_035079.1	34879803	G	T	0.996960486
NC_035079.1	44008725	G	A	0.997751124
NC_035079.1	56380337	C	T	1
NC_035079.1	65542884	C	A	0.99847793
NC_035080.1	62425753	G	A	0.994791667
NC_035081.1	14144070	G	T	0.999240122
NC_035081.1	15886986	A	G	0.99850075
NC_035081.1	38478144	G	C	0.999246988
NC_035081.1	49822509	G	A	0.997716895
NC_035081.1	71719910	A	T	0.998505232
NC_035082.1	1788038	A	C	0.998496241
NC_035082.1	21311254	T	C	0.99924357
NC_035082.1	57657052	T	C	0.99924357
NC_035082.1	71988120	T	G	1
NC_035082.1	76216053	C	A	0.997757848
NC_035082.1	78712428	G	A	0.99847793
NC_035082.1	80574916	T	A	0.996268657
NC_035083.1	1855498	C	A	0.994728916
NC_035083.1	24641455	G	A	0.996200608
NC_035083.1	61804220	T	G	0.999240122
NC_035083.1	64193020	A	G	0.99847561
NC_035083.1	70686181	G	A	0.999254844
NC_035084.1	21703220	G	C	0.997716895
NC_035084.1	42521166	T	G	0.997713415
NC_035085.1	17208585	G	T	1
NC_035085.1	21045740	T	C	0.999241275
NC_035085.1	26629601	C	A	1
NC_035085.1	28082358	T	G	0.999241275
NC_035085.1	33303738	C	T	0.998502994
NC_035085.1	34460528	A	G	0.996200608
NC_035086.1	64259309	G	A	0.997716895
NC_035086.1	66632328	A	G	0.99850075
NC_035087.1	37747574	A	C	0.994704992
NC_035087.1	54934175	A	G	0.999238965
NC_035088.1	13301873	C	G	0.999252616
NC_035088.1	24741300	G	A	0.99851632
NC_035088.1	38606601	G	C	0.997720365
NC_035088.1	41553868	T	A	0.998487141
NC_035088.1	54912125	C	T	0.9826546
NC_035088.1	68589780	G	A	1
NC_035088.1	71624452	G	T	0.997716895
NC_035088.1	74486867	T	C	0.999241275
NC_035088.1	75907450	T	C	0.997761194
NC_035088.1	79085388	G	T	0.999242424
NC_035088.1	82353579	A	G	0.997028232
NC_035088.1	83830536	G	T	0.995535714
NC_035088.1	84962361	G	A	0.99628529
NC_035088.1	89568284	A	G	0.994752624
NC_035089.1	5768145	A	G	0.999238965
NC_035089.1	8399262	G	A	0.960059172
NC_035089.1	10811679	C	T	0.998507463
NC_035089.1	12105755	A	G	0.996960486
NC_035089.1	13502951	T	G	0.998489426
NC_035089.1	29818564	G	A	0.99695586
NC_035089.1	38473553	G	T	0.998509687
NC_035089.1	43722086	G	T	0.998484848
NC_035089.1	44916334	C	T	0.99847561
NC_035089.1	46255302	T	C	0.99851632
NC_035089.1	47749573	G	T	0.998509687
NC_035089.1	49378110	C	T	0.992424242
NC_035089.1	50635229	C	A	0.996279762
NC_035089.1	53542387	A	G	0.997744361
NC_035089.1	56785353	C	T	0.996960486
NC_035090.1	68812388	G	A	0.99847561
NC_035090.1	77587067	C	A	0.991704374
NC_035091.1	35850344	A	G	0.999238965
NC_035091.1	41075560	A	C	1
NC_035091.1	60059325	C	A	0.999255952
NC_035092.1	14108742	C	T	0.995440729
NC_035092.1	44355402	A	C	0.997734139
NC_035092.1	52586890	C	T	1
NC_035092.1	62065858	G	T	1
NC_035093.1	4268961	C	A	0.954272864
NC_035093.1	5857754	C	T	0.970454545
NC_035093.1	14822494	T	C	0.996987952
NC_035093.1	15919263	G	T	0.998480243
NC_035093.1	29559770	G	A	0.996246246
NC_035093.1	38690067	G	A	0.999251497
NC_035093.1	43494057	A	G	0.99695122
NC_035093.1	45142505	T	C	0.998496241
NC_035093.1	60654603	A	G	0.997713415
NC_035093.1	62164537	C	G	0.999264706
NC_035094.1	2190210	G	T	0.964555053
NC_035094.1	5065801	A	G	0.99543379
NC_035094.1	7169047	C	G	0.969402985
NC_035094.1	11200655	T	G	0.997781065
NC_035094.1	35063841	C	T	0.999237805
NC_035095.1	3642414	T	C	0.994736842
NC_035095.1	5999592	T	C	0.996987952
NC_035095.1	8564285	T	C	0.993171472
NC_035095.1	21456324	C	G	0.995488722
NC_035095.1	39982970	G	A	0.99695122
NC_035096.1	1857672	T	C	0.999249249
NC_035097.1	3298423	T	C	0.987969925
NC_035097.1	6504877	C	A	0.999238965
NC_035097.1	8065544	G	T	0.999249249
NC_035097.1	44697880	A	G	0.99695586
NC_035097.1	51082249	T	C	0.999249249
NC_035098.1	15183281	C	T	0.959665145
NC_035098.1	26852841	T	C	0.99847793
NC_035098.1	33672945	T	A	0.999240122
NC_035099.1	2399350	G	A	0.996974281
NC_035099.1	11139300	A	C	0.995522388
NC_035100.1	23721864	G	A	0.990196078
NC_035101.1	13702592	A	G	0.998482549
NC_035101.1	23388766	G	A	0.99847561
NC_035101.1	45626660	A	G	0.999266862
NC_035101.1	71446364	T	C	0.999250375
NC_035102.1	16680979	T	C	0.993283582
NC_035102.1	21756908	G	T	0.996212121
NC_035102.1	30209384	C	A	0.997737557
NC_035102.1	33541967	T	A	0.997014925
NC_035103.1	1673955	T	C	0.999242424
NC_035103.1	26028447	C	G	0.995454545
NC_035103.1	28458896	G	T	0.997037037
NC_035104.1	30768396	T	C	0.99850075
NC_035105.1	1279769	G	A	0.99850075
NC_035105.1	8094159	T	G	0.997757848
NC_035105.1	10682181	C	T	0.997734139
